<?xml version="1.0" encoding="UTF-8"?>
<kcfg xmlns="http://www.kde.org/standards/kcfg/1.0"
      xmlns:xsi="http://www.w3.org/2001/XMLSchema-instance"
      xsi:schemaLocation="http://www.kde.org/standards/kcfg/1.0
      http://www.kde.org/standards/kcfg/1.0/kcfg.xsd" >
  <kcfgfile name=""/>

  <group name="General">
      <entry name="iconSource" type="String">
        <label>icon used, empty string means default icon</label>
     </entry>
     <entry name="maximumIconSize" type="Int">
         <default>48</default>
         <label>maximum icon size</label>
    </entry>     
     <entry name="screenEdge" type="Int">
         <default>0</default>
         <label>in which screen edge the latte sidebar is found, it is required, 0 stands for AllEdges</label>
    </entry>
    <entry name="layoutName" type="String">
        <label>in which latte layout the sidebar is found, it is optional</label>
    </entry>
    <entry name="viewName" type="String">
        <label>what is the dock panel name, it is optional</label>
    </entry>    
    <entry name="screenName" type="String">
        <label>in which screen the latte sidebar if found, it is optional</label>
    </entry>
  </group>
</kcfg>
