<?xml version="1.0" encoding="UTF-8"?>
<kcfg xmlns="http://www.kde.org/standards/kcfg/1.0"
      xmlns:xsi="http://www.w3.org/2001/XMLSchema-instance"
      xsi:schemaLocation="http://www.kde.org/standards/kcfg/1.0
      http://www.kde.org/standards/kcfg/1.0/kcfg.xsd" >
  <kcfgfile name=""/>

  <group name="CompactView">
    <entry name="minimumWidthUnits" type="int">
      <default>18</default>
    </entry>
    <entry name="maximumWidthUnits" type="int">
      <default>0</default>
    </entry>
    <entry name="showProgressBar" type="Bool">
      <default>true</default>
    </entry>
    <entry name="showAlbumArt" type="Bool">
      <default>true</default>
    </entry>
    <entry name="showTrackInfo" type="Bool">
      <default>true</default>
    </entry>
    <entry name="showPlaybackControls" type="Bool">
      <default>true</default>
    </entry>
    <entry name="showPrevNextControls" type="int">
      <default>1</default>
    </entry>
  </group>

</kcfg>
